{
    "best_params": {
        "max_depth": 20,
        "min_samples_split": 5,
        "n_estimators": 200
    },
    "cv_results": {
        "mean_fit_time": [
            1.079042673110962,
            2.007642316818237,
            1.0184814453125,
            1.745737075805664,
            1.1052213668823243,
            2.0868948459625245,
            1.0934963703155518,
            2.1515815258026123,
            1.0644944190979004,
            2.12552433013916,
            1.0432548999786377,
            2.084975242614746,
            1.0974144458770752,
            2.165530204772949,
            1.0629587173461914,
            1.8103626728057862,
            1.010626220703125,
            1.2791040420532227
        ],
        "std_fit_time": [
            0.10634522247375044,
            0.18134851506014513,
            0.16142139652776902,
            0.2981186288210015,
            0.010752226386137112,
            0.009834954617866458,
            0.011424074441859566,
            0.01937016227556005,
            0.015563942203756537,
            0.01279044864948442,
            0.012162724820077348,
            0.019053332680151046,
            0.014195954790717733,
            0.020527500462692548,
            0.01158955543132435,
            0.048235464720769373,
            0.025711599775770977,
            0.043038120235143765
        ],
        "mean_score_time": [
            0.0770003318786621,
            0.13197660446166992,
            0.07467799186706543,
            0.135239839553833,
            0.07062430381774902,
            0.11722588539123535,
            0.07054352760314941,
            0.12873563766479493,
            0.06872458457946777,
            0.11737051010131835,
            0.07019705772399902,
            0.12777814865112305,
            0.06928400993347168,
            0.11000576019287109,
            0.07165045738220215,
            0.05669732093811035,
            0.05172419548034668,
            0.041428565979003906
        ],
        "std_score_time": [
            0.005894869299793603,
            0.005147888124469657,
            0.002848837726097836,
            0.009898614102319412,
            0.0038363606075965595,
            0.004044908682276615,
            0.0020969278718423958,
            0.005105009486505422,
            0.005340889720142249,
            0.005838113830712863,
            0.0019964492784937823,
            0.007366464696490103,
            0.0037264133649548086,
            0.007995714088092994,
            0.0038392005119602746,
            0.007129646580791907,
            0.006886473964606421,
            0.00100073802009364
        ],
        "param_max_depth": [
            10,
            10,
            10,
            10,
            10,
            10,
            20,
            20,
            20,
            20,
            20,
            20,
            null,
            null,
            null,
            null,
            null,
            null
        ],
        "param_min_samples_split": [
            2,
            2,
            5,
            5,
            10,
            10,
            2,
            2,
            5,
            5,
            10,
            10,
            2,
            2,
            5,
            5,
            10,
            10
        ],
        "param_n_estimators": [
            100,
            200,
            100,
            200,
            100,
            200,
            100,
            200,
            100,
            200,
            100,
            200,
            100,
            200,
            100,
            200,
            100,
            200
        ],
        "params": [
            {
                "max_depth": 10,
                "min_samples_split": 2,
                "n_estimators": 100
            },
            {
                "max_depth": 10,
                "min_samples_split": 2,
                "n_estimators": 200
            },
            {
                "max_depth": 10,
                "min_samples_split": 5,
                "n_estimators": 100
            },
            {
                "max_depth": 10,
                "min_samples_split": 5,
                "n_estimators": 200
            },
            {
                "max_depth": 10,
                "min_samples_split": 10,
                "n_estimators": 100
            },
            {
                "max_depth": 10,
                "min_samples_split": 10,
                "n_estimators": 200
            },
            {
                "max_depth": 20,
                "min_samples_split": 2,
                "n_estimators": 100
            },
            {
                "max_depth": 20,
                "min_samples_split": 2,
                "n_estimators": 200
            },
            {
                "max_depth": 20,
                "min_samples_split": 5,
                "n_estimators": 100
            },
            {
                "max_depth": 20,
                "min_samples_split": 5,
                "n_estimators": 200
            },
            {
                "max_depth": 20,
                "min_samples_split": 10,
                "n_estimators": 100
            },
            {
                "max_depth": 20,
                "min_samples_split": 10,
                "n_estimators": 200
            },
            {
                "max_depth": null,
                "min_samples_split": 2,
                "n_estimators": 100
            },
            {
                "max_depth": null,
                "min_samples_split": 2,
                "n_estimators": 200
            },
            {
                "max_depth": null,
                "min_samples_split": 5,
                "n_estimators": 100
            },
            {
                "max_depth": null,
                "min_samples_split": 5,
                "n_estimators": 200
            },
            {
                "max_depth": null,
                "min_samples_split": 10,
                "n_estimators": 100
            },
            {
                "max_depth": null,
                "min_samples_split": 10,
                "n_estimators": 200
            }
        ],
        "split0_test_score": [
            0.8064516129032258,
            0.8145161290322581,
            0.8225806451612904,
            0.8225806451612904,
            0.7903225806451613,
            0.7903225806451613,
            0.7741935483870968,
            0.7903225806451613,
            0.7983870967741935,
            0.8225806451612904,
            0.8064516129032258,
            0.8064516129032258,
            0.7741935483870968,
            0.7903225806451613,
            0.7983870967741935,
            0.8225806451612904,
            0.8064516129032258,
            0.8064516129032258
        ],
        "split1_test_score": [
            0.8225806451612904,
            0.8225806451612904,
            0.8306451612903226,
            0.8306451612903226,
            0.8306451612903226,
            0.8306451612903226,
            0.7983870967741935,
            0.8064516129032258,
            0.8306451612903226,
            0.8306451612903226,
            0.8225806451612904,
            0.8225806451612904,
            0.7983870967741935,
            0.8064516129032258,
            0.8306451612903226,
            0.8306451612903226,
            0.8225806451612904,
            0.8225806451612904
        ],